[{"model": "admin.logentry", "pk": 1, "fields": {"action_time": "2021-09-01T17:32:40.274", "user": 1, "content_type": 8, "object_id": "3", "object_repr": "id670290077", "action_flag": 3, "change_message": ""}}, {"model": "admin.logentry", "pk": 2, "fields": {"action_time": "2021-09-01T17:32:55.855", "user": 1, "content_type": 8, "object_id": "4", "object_repr": "User", "action_flag": 2, "change_message": "[{\"changed\": {\"fields\": [\"Active\"]}}]"}}, {"model": "admin.logentry", "pk": 3, "fields": {"action_time": "2021-09-01T17:33:36.747", "user": 1, "content_type": 8, "object_id": "1", "object_repr": "admin", "action_flag": 2, "change_message": "[{\"changed\": {\"fields\": [\"Avatar\"]}}]"}}, {"model": "admin.logentry", "pk": 4, "fields": {"action_time": "2021-09-05T15:31:13.992", "user": 1, "content_type": 7, "object_id": "16", "object_repr": "Настольная лампа - 16", "action_flag": 2, "change_message": "[{\"changed\": {\"fields\": [\"\\u041a\\u043e\\u043b\\u0438\\u0447\\u0435\\u0441\\u0442\\u0432\\u043e \\u043d\\u0430 \\u0441\\u043a\\u043b\\u0430\\u0434\\u0435\"]}}]"}}, {"model": "admin.logentry", "pk": 5, "fields": {"action_time": "2021-09-05T15:31:21.002", "user": 1, "content_type": 7, "object_id": "15", "object_repr": "Кресло - 15", "action_flag": 2, "change_message": "[{\"changed\": {\"fields\": [\"\\u041a\\u043e\\u043b\\u0438\\u0447\\u0435\\u0441\\u0442\\u0432\\u043e \\u043d\\u0430 \\u0441\\u043a\\u043b\\u0430\\u0434\\u0435\"]}}]"}}, {"model": "admin.logentry", "pk": 6, "fields": {"action_time": "2021-09-05T15:31:27.674", "user": 1, "content_type": 7, "object_id": "14", "object_repr": "Светильник - 14", "action_flag": 2, "change_message": "[{\"changed\": {\"fields\": [\"\\u041a\\u043e\\u043b\\u0438\\u0447\\u0435\\u0441\\u0442\\u0432\\u043e \\u043d\\u0430 \\u0441\\u043a\\u043b\\u0430\\u0434\\u0435\"]}}]"}}, {"model": "admin.logentry", "pk": 7, "fields": {"action_time": "2021-09-05T15:31:32.407", "user": 1, "content_type": 7, "object_id": "13", "object_repr": "Светильник - 13", "action_flag": 2, "change_message": "[{\"changed\": {\"fields\": [\"\\u041a\\u043e\\u043b\\u0438\\u0447\\u0435\\u0441\\u0442\\u0432\\u043e \\u043d\\u0430 \\u0441\\u043a\\u043b\\u0430\\u0434\\u0435\"]}}]"}}, {"model": "admin.logentry", "pk": 8, "fields": {"action_time": "2021-09-05T15:31:40.294", "user": 1, "content_type": 7, "object_id": "12", "object_repr": "Часы - 12", "action_flag": 2, "change_message": "[{\"changed\": {\"fields\": [\"\\u041a\\u043e\\u043b\\u0438\\u0447\\u0435\\u0441\\u0442\\u0432\\u043e \\u043d\\u0430 \\u0441\\u043a\\u043b\\u0430\\u0434\\u0435\"]}}]"}}, {"model": "admin.logentry", "pk": 9, "fields": {"action_time": "2021-09-05T15:31:45.359", "user": 1, "content_type": 7, "object_id": "11", "object_repr": "Стул красный - 11", "action_flag": 2, "change_message": "[{\"changed\": {\"fields\": [\"\\u041a\\u043e\\u043b\\u0438\\u0447\\u0435\\u0441\\u0442\\u0432\\u043e \\u043d\\u0430 \\u0441\\u043a\\u043b\\u0430\\u0434\\u0435\"]}}]"}}, {"model": "admin.logentry", "pk": 10, "fields": {"action_time": "2021-09-05T15:31:50.024", "user": 1, "content_type": 7, "object_id": "10", "object_repr": "Ваза-чайник - 10", "action_flag": 2, "change_message": "[{\"changed\": {\"fields\": [\"\\u041a\\u043e\\u043b\\u0438\\u0447\\u0435\\u0441\\u0442\\u0432\\u043e \\u043d\\u0430 \\u0441\\u043a\\u043b\\u0430\\u0434\\u0435\"]}}]"}}, {"model": "admin.logentry", "pk": 11, "fields": {"action_time": "2021-09-05T15:32:07.605", "user": 1, "content_type": 7, "object_id": "9", "object_repr": "Светильник настольный - 9", "action_flag": 2, "change_message": "[{\"changed\": {\"fields\": [\"\\u041a\\u043e\\u043b\\u0438\\u0447\\u0435\\u0441\\u0442\\u0432\\u043e \\u043d\\u0430 \\u0441\\u043a\\u043b\\u0430\\u0434\\u0435\"]}}]"}}, {"model": "admin.logentry", "pk": 12, "fields": {"action_time": "2021-09-09T17:01:43.747", "user": 1, "content_type": 7, "object_id": "10", "object_repr": "Ваза-чайник - 10", "action_flag": 2, "change_message": "[{\"changed\": {\"fields\": [\"Is active\"]}}]"}}, {"model": "admin.logentry", "pk": 13, "fields": {"action_time": "2021-09-09T17:01:53.070", "user": 1, "content_type": 7, "object_id": "12", "object_repr": "Часы - 12", "action_flag": 2, "change_message": "[{\"changed\": {\"fields\": [\"Is active\"]}}]"}}, {"model": "admin.logentry", "pk": 14, "fields": {"action_time": "2021-09-09T17:02:18.654", "user": 1, "content_type": 6, "object_id": "10", "object_repr": "офис", "action_flag": 2, "change_message": "[{\"changed\": {\"fields\": [\"Is active\"]}}]"}}, {"model": "sessions.session", "pk": "6on4nuqur6pphz4oafchfb7ohh3angny", "fields": {"session_data": "eyJuZXh0IjoiLyIsInZrLW9hdXRoMl9zdGF0ZSI6Ildxa1ZyZGRsTk1VTmlRODBCMU9QbDRVTFJUWnliUWEyIn0:1mMhZK:Gb2ZwLc-TFiPgg6Q_dl0X3Vx84731fzYc1Ke1C0Q3O4", "expire_date": "2021-09-19T05:07:38.531"}}, {"model": "sessions.session", "pk": "adbmh1g9hnncdsuvu4dkxegxvx0c5kmt", "fields": {"session_data": "eyJuZXh0IjoiLyIsInZrLW9hdXRoMl9zdGF0ZSI6IjNkY3U1NUVJTEJPdDRBV1RsUTRDVHlDNkxSUUtTT0pNIn0:1mLzoz:pvgwFzEpgnb0LYDgzbO2-CnsmYjPNcVzDe6CHFHxGsQ", "expire_date": "2021-09-17T06:24:53.861"}}, {"model": "sessions.session", "pk": "dnsxxsphquj2upc30ywlfvjl8vif8hf3", "fields": {"session_data": ".eJxVjE0OwiAYBe_C2hAoVKhL9z1D8_0hVQNJaVfGu2uTLnT7Zua91ATbmqetyTLNrC7KqtPvhkAPKTvgO5Rb1VTLusyod0UftOmxsjyvh_t3kKHlb-04EBixwCFRh56iw3M0iTkGcYDEOHDPRpJYpkGSccZ77KMQJnSden8AKFQ51A:1mMYQS:ZWROk0PYm0sKsmZ2a1snNGFHDWJGqTkE4akpdECBvek", "expire_date": "2021-09-18T19:21:52.010"}}, {"model": "sessions.session", "pk": "lwupl3043dsyudkvhtdplqfa2ufh47p3", "fields": {"session_data": "eyJuZXh0IjoiLyIsImdvb2dsZS1vYXV0aDJfc3RhdGUiOiJ2aU40dVBtTjRmdlhSenl4RFRLNmI5TlJBY1dPMlZDbiJ9:1mMYkR:rpwK9P6PCwxNQ9yrDh29SomETADBhMIJPQ_bAUIVwmo", "expire_date": "2021-09-18T19:42:31.890"}}, {"model": "sessions.session", "pk": "xtwocamveexsd1m3rc3m8k79wfuz7z1t", "fields": {"session_data": "eyJuZXh0IjoiLyIsImdvb2dsZS1vYXV0aDJfc3RhdGUiOiJzNHBsdkM5RXJ2bTRJV0N3R1pNZUpOMkFEZkN5cFMxcCJ9:1mLnpc:1vG1UYi4cb05J9pS3miGOmhDRFXEi3-WccKBCyUtmUo", "expire_date": "2021-09-16T17:36:44.207"}}, {"model": "mainapp.productcategory", "pk": 9, "fields": {"name": "дом", "description": "Lorem ipsum dolor sit amet, consectetur adipiscing elit,", "is_active": true, "created_at": "2021-09-01T15:15:32.135", "updated_at": "2021-09-01T15:15:32.135"}}, {"model": "mainapp.productcategory", "pk": 10, "fields": {"name": "офис", "description": "Lorem ipsum dolor sit amet, consectetur adipiscing elit,", "is_active": true, "created_at": "2021-09-01T15:15:32.137", "updated_at": "2021-09-09T17:02:18.646"}}, {"model": "mainapp.productcategory", "pk": 11, "fields": {"name": "модерн", "description": "Lorem ipsum dolor sit amet, consectetur adipiscing elit,", "is_active": true, "created_at": "2021-09-01T15:15:32.139", "updated_at": "2021-09-09T17:09:07.869"}}, {"model": "mainapp.productcategory", "pk": 12, "fields": {"name": "классика", "description": "Lorem ipsum dolor sit amet, consectetur adipiscing elit,", "is_active": true, "created_at": "2021-09-01T15:15:32.140", "updated_at": "2021-09-01T15:15:32.140"}}, {"model": "mainapp.product", "pk": 9, "fields": {"category": 9, "name": "Светильник настольный", "short_desc": "Мягкий свет", "image": "product_images/product-1.jpg", "description": "Lorem ipsum dolor sit amet, consectetur adipiscing elit,", "price": "1299.45", "quantity": 1270, "is_active": true, "created_at": "2021-09-01T15:15:32.145", "updated_at": "2021-09-05T15:32:07.604"}}, {"model": "mainapp.product", "pk": 10, "fields": {"category": 10, "name": "Ваза-чайник", "short_desc": "Неповторимый стиль", "image": "product_images/product-3.jpg", "description": "Lorem ipsum dolor sit amet, consectetur adipiscing elit,", "price": "3400.00", "quantity": 97, "is_active": true, "created_at": "2021-09-01T15:15:32.148", "updated_at": "2021-09-09T17:01:43.733"}}, {"model": "mainapp.product", "pk": 11, "fields": {"category": 12, "name": "Стул красный", "short_desc": "Простой и стильный", "image": "product_images/product-4.jpg", "description": "Lorem ipsum dolor sit amet, consectetur adipiscing elit,", "price": "5699.99", "quantity": 320, "is_active": true, "created_at": "2021-09-01T15:15:32.150", "updated_at": "2021-09-09T15:25:21.902"}}, {"model": "mainapp.product", "pk": 12, "fields": {"category": 10, "name": "Часы", "short_desc": "Точность - вежливость королей", "image": "product_images/product-4-sm.jpg", "description": "Lorem ipsum dolor sit amet, consectetur adipiscing elit,", "price": "3499.75", "quantity": 201, "is_active": true, "created_at": "2021-09-01T15:15:32.153", "updated_at": "2021-09-09T17:01:53.061"}}, {"model": "mainapp.product", "pk": 13, "fields": {"category": 9, "name": "Светильник", "short_desc": "Классический черный", "image": "product_images/product-5-sm.jpg", "description": "Lorem ipsum dolor sit amet, consectetur adipiscing elit,", "price": "2500.00", "quantity": 153, "is_active": true, "created_at": "2021-09-01T15:15:32.155", "updated_at": "2021-09-05T15:31:32.392"}}, {"model": "mainapp.product", "pk": 14, "fields": {"category": 11, "name": "Светильник", "short_desc": "Модерновый белый", "image": "product_images/product-11.jpg", "description": "Lorem ipsum dolor sit amet, consectetur adipiscing elit,", "price": "6935.00", "quantity": 553, "is_active": true, "created_at": "2021-09-01T15:15:32.157", "updated_at": "2021-09-09T15:25:15.340"}}, {"model": "mainapp.product", "pk": 15, "fields": {"category": 9, "name": "Кресло", "short_desc": "Шикарное и уютное", "image": "product_images/product-21.jpg", "description": "Lorem ipsum dolor sit amet, consectetur adipiscing elit,", "price": "11239.75", "quantity": 132, "is_active": true, "created_at": "2021-09-01T15:15:32.160", "updated_at": "2021-09-08T23:32:47.607"}}, {"model": "mainapp.product", "pk": 16, "fields": {"category": 11, "name": "Настольная лампа", "short_desc": "Светлое пространство у вас на столе", "image": "product_images/product-31.jpg", "description": "Lorem ipsum dolor sit amet, consectetur adipiscing elit,", "price": "4275.00", "quantity": 110, "is_active": true, "created_at": "2021-09-01T15:15:32.162", "updated_at": "2021-09-05T15:31:13.987"}}, {"model": "authapp.shopuser", "pk": 1, "fields": {"password": "pbkdf2_sha256$260000$37pmMWFyvrrczE6uGEv4V8$p0QsUaoQm2Ut027ZZ5UYEAR31NBEkNA6qDqnRXVroVs=", "last_login": "2021-09-09T15:40:50.651", "is_superuser": true, "username": "admin", "first_name": "John", "last_name": "", "email": "admin@geekshop.local", "is_staff": true, "is_active": true, "date_joined": "2021-09-01T14:04:41", "avatar": "user_avatars/avatar-fox_UXRfMmo.png", "age": 30, "activation_key": "", "activation_key_expires": "2021-09-03T14:04:41", "groups": [], "user_permissions": []}}, {"model": "authapp.shopuser", "pk": 4, "fields": {"password": "pbkdf2_sha256$260000$S9OtUa71ovplORydLSerFZ$wTtCM/wIDxdmjV9cpviZXI8UwfXT7NGb4unqWRldFUM=", "last_login": "2021-09-01T17:29:08", "is_superuser": false, "username": "User", "first_name": "Adam", "last_name": "", "email": "adam@geekshop.local", "is_staff": false, "is_active": true, "date_joined": "2021-09-01T17:26:25", "avatar": "user_avatars/avatar-fox.png", "age": 19, "activation_key": "911ab48b0604b7663c5c745f067012e1cee7ff04", "activation_key_expires": "2021-09-03T15:43:47", "groups": [], "user_permissions": []}}, {"model": "authapp.shopuserprofile", "pk": 1, "fields": {"user": 1, "tagline": "", "about_me": "", "gender": "", "vk_profile_address": "", "vk_language": ""}}, {"model": "authapp.shopuserprofile", "pk": 3, "fields": {"user": 4, "tagline": "", "about_me": "", "gender": "", "vk_profile_address": "", "vk_language": ""}}, {"model": "basketapp.basket", "pk": 5, "fields": {"user": 1, "product": 14, "quantity": 1, "add_datetime": "2021-09-06T19:40:38.835"}}, {"model": "basketapp.basket", "pk": 7, "fields": {"user": 1, "product": 10, "quantity": 3, "add_datetime": "2021-09-06T19:40:45.940"}}, {"model": "basketapp.basket", "pk": 8, "fields": {"user": 1, "product": 11, "quantity": 1, "add_datetime": "2021-09-06T19:41:13.221"}}, {"model": "basketapp.basket", "pk": 9, "fields": {"user": 1, "product": 12, "quantity": 1, "add_datetime": "2021-09-08T23:54:37.267"}}, {"model": "ordersapp.order", "pk": 1, "fields": {"user": 1, "created": "2021-09-01T17:01:30.238", "updated": "2021-09-04T15:29:26.833", "status": "FM", "is_active": true}}, {"model": "ordersapp.order", "pk": 2, "fields": {"user": 1, "created": "2021-09-05T15:34:37.226", "updated": "2021-09-05T15:34:37.259", "status": "FM", "is_active": true}}, {"model": "ordersapp.order", "pk": 3, "fields": {"user": 1, "created": "2021-09-05T15:34:56.045", "updated": "2021-09-05T15:34:56.070", "status": "FM", "is_active": true}}, {"model": "ordersapp.order", "pk": 4, "fields": {"user": 1, "created": "2021-09-05T15:35:38.040", "updated": "2021-09-05T15:35:38.071", "status": "FM", "is_active": true}}, {"model": "ordersapp.order", "pk": 5, "fields": {"user": 1, "created": "2021-09-05T15:36:14.098", "updated": "2021-09-05T15:36:14.117", "status": "FM", "is_active": true}}, {"model": "ordersapp.order", "pk": 6, "fields": {"user": 1, "created": "2021-09-05T15:36:59.196", "updated": "2021-09-05T15:36:59.244", "status": "FM", "is_active": true}}, {"model": "ordersapp.order", "pk": 7, "fields": {"user": 1, "created": "2021-09-05T15:37:24.667", "updated": "2021-09-05T15:37:24.685", "status": "FM", "is_active": true}}, {"model": "ordersapp.order", "pk": 8, "fields": {"user": 1, "created": "2021-09-05T15:37:46.682", "updated": "2021-09-05T15:37:46.702", "status": "FM", "is_active": true}}, {"model": "ordersapp.order", "pk": 9, "fields": {"user": 1, "created": "2021-09-05T15:38:24.517", "updated": "2021-09-05T15:38:24.548", "status": "FM", "is_active": true}}, {"model": "ordersapp.order", "pk": 10, "fields": {"user": 1, "created": "2021-09-05T15:38:45.277", "updated": "2021-09-05T15:38:45.292", "status": "FM", "is_active": true}}, {"model": "ordersapp.orderitem", "pk": 1, "fields": {"order": 1, "product": 15, "quantity": 1}}, {"model": "ordersapp.orderitem", "pk": 2, "fields": {"order": 1, "product": 9, "quantity": 1}}, {"model": "ordersapp.orderitem", "pk": 3, "fields": {"order": 2, "product": 15, "quantity": 2}}, {"model": "ordersapp.orderitem", "pk": 4, "fields": {"order": 2, "product": 10, "quantity": 4}}, {"model": "ordersapp.orderitem", "pk": 5, "fields": {"order": 2, "product": 11, "quantity": 3}}, {"model": "ordersapp.orderitem", "pk": 6, "fields": {"order": 3, "product": 11, "quantity": 2}}, {"model": "ordersapp.orderitem", "pk": 7, "fields": {"order": 3, "product": 16, "quantity": 3}}, {"model": "ordersapp.orderitem", "pk": 8, "fields": {"order": 3, "product": 12, "quantity": 1}}, {"model": "ordersapp.orderitem", "pk": 9, "fields": {"order": 4, "product": 9, "quantity": 2}}, {"model": "ordersapp.orderitem", "pk": 10, "fields": {"order": 4, "product": 10, "quantity": 3}}, {"model": "ordersapp.orderitem", "pk": 11, "fields": {"order": 4, "product": 12, "quantity": 1}}, {"model": "ordersapp.orderitem", "pk": 12, "fields": {"order": 4, "product": 14, "quantity": 4}}, {"model": "ordersapp.orderitem", "pk": 13, "fields": {"order": 4, "product": 16, "quantity": 1}}, {"model": "ordersapp.orderitem", "pk": 14, "fields": {"order": 5, "product": 12, "quantity": 2}}, {"model": "ordersapp.orderitem", "pk": 15, "fields": {"order": 5, "product": 16, "quantity": 2}}, {"model": "ordersapp.orderitem", "pk": 16, "fields": {"order": 5, "product": 10, "quantity": 1}}, {"model": "ordersapp.orderitem", "pk": 17, "fields": {"order": 5, "product": 15, "quantity": 10}}, {"model": "ordersapp.orderitem", "pk": 18, "fields": {"order": 6, "product": 9, "quantity": 2}}, {"model": "ordersapp.orderitem", "pk": 19, "fields": {"order": 6, "product": 14, "quantity": 1}}, {"model": "ordersapp.orderitem", "pk": 20, "fields": {"order": 6, "product": 15, "quantity": 4}}, {"model": "ordersapp.orderitem", "pk": 21, "fields": {"order": 6, "product": 16, "quantity": 1}}, {"model": "ordersapp.orderitem", "pk": 22, "fields": {"order": 6, "product": 13, "quantity": 2}}, {"model": "ordersapp.orderitem", "pk": 23, "fields": {"order": 6, "product": 11, "quantity": 1}}, {"model": "ordersapp.orderitem", "pk": 24, "fields": {"order": 7, "product": 10, "quantity": 2}}, {"model": "ordersapp.orderitem", "pk": 25, "fields": {"order": 7, "product": 15, "quantity": 10}}, {"model": "ordersapp.orderitem", "pk": 26, "fields": {"order": 7, "product": 11, "quantity": 1}}, {"model": "ordersapp.orderitem", "pk": 27, "fields": {"order": 8, "product": 10, "quantity": 2}}, {"model": "ordersapp.orderitem", "pk": 28, "fields": {"order": 8, "product": 16, "quantity": 1}}, {"model": "ordersapp.orderitem", "pk": 29, "fields": {"order": 8, "product": 11, "quantity": 1}}, {"model": "ordersapp.orderitem", "pk": 30, "fields": {"order": 8, "product": 9, "quantity": 3}}, {"model": "ordersapp.orderitem", "pk": 31, "fields": {"order": 9, "product": 14, "quantity": 2}}, {"model": "ordersapp.orderitem", "pk": 32, "fields": {"order": 9, "product": 13, "quantity": 1}}, {"model": "ordersapp.orderitem", "pk": 33, "fields": {"order": 9, "product": 11, "quantity": 1}}, {"model": "ordersapp.orderitem", "pk": 34, "fields": {"order": 9, "product": 9, "quantity": 2}}, {"model": "ordersapp.orderitem", "pk": 35, "fields": {"order": 9, "product": 10, "quantity": 4}}, {"model": "ordersapp.orderitem", "pk": 36, "fields": {"order": 10, "product": 14, "quantity": 2}}, {"model": "ordersapp.orderitem", "pk": 37, "fields": {"order": 10, "product": 11, "quantity": 2}}, {"model": "ordersapp.orderitem", "pk": 38, "fields": {"order": 10, "product": 15, "quantity": 7}}]